<?xml version="1.0" encoding="UTF-8" standalone="no"?>
<ExtensionManifest xmlns:xsi="http://www.w3.org/2001/XMLSchema-instance" ExtensionBundleId="com.audioseparator" ExtensionBundleVersion="2.2.1" Version="12.0">
    <ExtensionList>
        <Extension Id="com.audioseparator.panel" Version="2.2.1"/>
    </ExtensionList>
    <ExecutionEnvironment>
        <HostList>
            <Host Name="PPRO" Version="[14.0,99.9]"/>
        </HostList>
        <LocaleList>
            <Locale Code="All"/>
        </LocaleList>
        <RequiredRuntimeList>
            <RequiredRuntime Name="CSXS" Version="12.0"/>
        </RequiredRuntimeList>
    </ExecutionEnvironment>
    <DispatchInfoList>
        <Extension Id="com.audioseparator.panel">
            <DispatchInfo>
                <Resources>
                    <MainPath>./client/index.html</MainPath>
                    <ScriptPath>./host/index.jsx</ScriptPath>
                    <CEFCommandLine>
                        <Parameter>--enable-nodejs</Parameter>
                        <Parameter>--mixed-context</Parameter>
                    </CEFCommandLine>
                </Resources>
                <Lifecycle>
                    <AutoVisible>true</AutoVisible>
                </Lifecycle>
                <UI>
                    <Type>Panel</Type>
                    <Menu>Audio Separator</Menu>
                    <Geometry>
                        <Size>
                            <Height>600</Height>
                            <Width>400</Width>
                        </Size>
                        <MinSize>
                            <Height>400</Height>
                            <Width>350</Width>
                        </MinSize>
                    </Geometry>
                    <Icons>
                        <Icon Type="Normal">./client/assets/icon-normal.png</Icon>
                        <Icon Type="RollOver">./client/assets/icon-hover.png</Icon>
                        <Icon Type="Disabled">./client/assets/icon-disabled.png</Icon>
                    </Icons>
                </UI>
            </DispatchInfo>
        </Extension>
    </DispatchInfoList>
</ExtensionManifest>
